rxn,Void,rpfCGH,Void_Xanthan,rpfCGH_Xanthan,group
DMORh,-999.92765,-999.92765,-999.92765,-999.92765,g
PLIPA2A140pp,-1000.0,-999.99895,-1000.0,-999.99895,g
SADT,-1000.0,-1000.0,-1000.0,-1000.0,g
PYK,-1000.0,-1000.0,-1000.0,-1000.0,g
PLIPA1A140pp,-1000.0,-1000.0,-1000.0,-1000.0,g
PIabc,-1000.0,-1000.0,-1000.0,-1000.0,g
P5CRx,-1000.0,-1000.0,-1000.0,-1000.0,g
NDPK8,-1000.0,-1000.0,-1000.0,-1000.0,g
NADTRHD,-1000.0,-1000.0,-1000.0,-1000.0,g
NADK,-1000.0,-1000.0,-1000.0,-1000.0,g
MTI,-1000.0,-1000.0,-1000.0,-1000.0,g
MNXR94264,-1000.0,-1000.0,-1000.0,-1000.0,g
MNXR94260,-1000.0,-1000.0,-1000.0,-1000.0,g
MNXR94259,-1000.0,-1000.0,-1000.0,-1000.0,g
MNXR94258,-1000.0,-1000.0,-1000.0,-1000.0,g
MNXR94256,-1000.0,-1000.0,-1000.0,-1000.0,g
MNXR94255,-1000.0,-1000.0,-1000.0,-1000.0,g
MNXR94252,-1000.0,-1000.0,-1000.0,-1000.0,g
MNXR94250,-1000.0,-1000.0,-1000.0,-1000.0,g
MNXR94226,-1000.0,-1000.0,-1000.0,-1000.0,g
MNXR94225,-1000.0,-1000.0,-1000.0,-1000.0,g
MNXR94224,-1000.0,-1000.0,-1000.0,-1000.0,g
MNXR94222,-1000.0,-1000.0,-1000.0,-1000.0,g
MNXR94221,-1000.0,-1000.0,-1000.0,-1000.0,g
MNXR94220,-1000.0,-1000.0,-1000.0,-1000.0,g
MNXR94219,-1000.0,-1000.0,-1000.0,-1000.0,g
MNXR94217,-1000.0,-1000.0,-1000.0,-1000.0,g
MNXR93946,-1000.0,-1000.0,-1000.0,-1000.0,g
MNXR93746,-1000.0,-1000.0,-1000.0,-1000.0,g
MNXR93624,-1000.0,-1000.0,-1000.0,-1000.0,g
MNXR8605,-1000.0,-1000.0,-1000.0,-1000.0,g
MNXR85310,-1000.0,-1000.0,-1000.0,-1000.0,g
MNXR85287,-1000.0,-1000.0,-1000.0,-1000.0,g
MNXR85270,-1000.0,-1000.0,-1000.0,-1000.0,g
MNXR85268,-1000.0,-1000.0,-1000.0,-1000.0,g
MNXR80406,-1000.0,-1000.0,-1000.0,-1000.0,g
MNXR80403,-1000.0,-1000.0,-1000.0,-1000.0,g
MNXR80385,-1000.0,-1000.0,-1000.0,-1000.0,g
MNXR69763,-1000.0,-1000.0,-1000.0,-1000.0,g
MNXR69749,-1000.0,-1000.0,-1000.0,-1000.0,g
MNXR69352,-1000.0,-1000.0,-1000.0,-1000.0,g
MNXR69346,-1000.0,-1000.0,-1000.0,-1000.0,g
MNXR6494,-1000.0,-1000.0,-1000.0,-1000.0,g
MNXR4313,-1000.0,-1000.0,-1000.0,-1000.0,g
MNXR3312,-1000.0,-1000.0,-1000.0,-1000.0,g
MNXR3279,-1000.0,-1000.0,-1000.0,-1000.0,g
MNXR18214,-1000.0,-1000.0,-1000.0,-1000.0,g
MNXR160,-1000.0,-1000.0,-1000.0,-1000.0,g
MNXR15642,-1000.0,-1000.0,-1000.0,-1000.0,g
LPLIPAL1A140pp,-1000.0,-1000.0,-1000.0,-1000.0,g
KARI_23dhmb,-1000.0,-1000.0,-1000.0,-1000.0,g
Ht,-1000.0,-1000.0,-1000.0,-1000.0,g
GLYCK,-1000.0,-1000.0,-1000.0,-1000.0,g
GNNUC,-1000.0,-1000.0,-1000.0,-1000.0,g
MNXR94265,-999.99685,-999.99685,-999.99685,-999.99685,g
NDPK4,-999.99565,-999.99565,-999.99565,-999.99565,g
HCO3E,-999.97767,-999.97767,-999.97767,-999.97767,g
MNXR79548,-999.97616,-999.97616,-999.97616,-999.97616,g
MTHFO,-999.98557,-999.98557,-999.98557,-999.98557,g
GK1,-999.98166,-999.98166,-999.98166,-999.98166,g
GUAD,-999.98354,-999.98354,-999.98354,-999.98354,g
BCTA_val_h,-997.30612,-1000.0,-997.30612,-1000.0,g
PIt2r,-997.55472,-997.55472,-997.55472,-997.55472,g
G6PI3,-992.37848,-992.37848,-992.37848,-992.37848,g
GLYCK2,-992.61403,-1000.0,-992.61403,-1000.0,r
SADT2,999.97867,999.97867,999.97867,999.97867,r
MNXR94202,999.99685,999.99685,999.99685,999.99685,r
MNXR94325,999.99969,999.99969,999.99969,999.99969,r
XTSNH,1000.0,1000.0,1000.0,1000.0,r
PLIPA1E160,1000.0,1000.0,1000.0,1000.0,r
PGI,1000.0,1000.0,1000.0,1000.0,r
MTHFO_nadp,1000.0,1000.0,1000.0,1000.0,r
MNXR94263,1000.0,1000.0,1000.0,1000.0,r
MNXR94261,1000.0,1000.0,1000.0,1000.0,r
MNXR94254,1000.0,1000.0,1000.0,1000.0,r
MNXR94253,1000.0,1000.0,1000.0,1000.0,r
MNXR94249,1000.0,1000.0,1000.0,1000.0,r
MNXR94248,1000.0,1000.0,1000.0,1000.0,r
MNXR94247,1000.0,1000.0,1000.0,1000.0,r
MNXR94245,1000.0,1000.0,1000.0,1000.0,r
MNXR94227,1000.0,1000.0,1000.0,1000.0,r
MNXR94201,1000.0,1000.0,1000.0,1000.0,r
MNXR94200,1000.0,1000.0,1000.0,1000.0,r
MNXR94198,1000.0,1000.0,1000.0,1000.0,r
MNXR94197,1000.0,1000.0,1000.0,1000.0,r
MNXR94196,1000.0,1000.0,1000.0,1000.0,r
MNXR94194,1000.0,1000.0,1000.0,1000.0,r
MNXR93945,1000.0,1000.0,1000.0,1000.0,r
MNXR93748,1000.0,1000.0,1000.0,1000.0,r
MNXR85267,1000.0,1000.0,1000.0,1000.0,r
MNXR84631,1000.0,1000.0,1000.0,1000.0,r
MNXR80400,1000.0,1000.0,1000.0,1000.0,r
MNXR80383,1000.0,1000.0,1000.0,1000.0,r
MNXR80380,1000.0,1000.0,1000.0,1000.0,r
MNXR7594,1000.0,1000.0,1000.0,1000.0,r
MNXR69727,1000.0,1000.0,1000.0,1000.0,r
MNXR69337,1000.0,1000.0,1000.0,1000.0,r
MNXR2062,1000.0,1000.0,1000.0,1000.0,r
MNXR15262,1000.0,1000.0,1000.0,1000.0,r
LPLIPAL2E160,1000.0,1000.0,1000.0,1000.0,r
LPLIPAL2A140,1000.0,1000.0,1000.0,1000.0,r
KARI_3hmoa,1000.0,1000.0,1000.0,1000.0,r
HACD1,1000.0,1000.0,1000.0,1000.0,r
EX_h_e,1000.0,1000.0,1000.0,1000.0,r
CHOLD,1000.0,1000.0,1000.0,1000.0,r
AACOAR_syn,1000.0,1000.0,1000.0,1000.0,r
ACCOAC,1000.0,1000.0,1000.0,1000.0,r
GK2,999.99842,999.99842,999.99842,999.99842,r
MNXR3277,1000.0,999.99895,1000.0,999.99895,r
MNXR4335,1000.0,999.99895,1000.0,999.99895,r
ADK1,1000.0,656.91542,1000.0,656.91542,c
IDPh,781.43109,667.70704,781.43109,667.70704,c
ACS,-0.06484,-656.75393,-0.06484,-656.75393,c
G1PACT,0.0,-656.71372,0.0,-656.71372,c
AGDC,0.00986,-656.70386,0.00986,-656.70386,c
MNXR87148,0.00986,-656.70386,0.00986,-656.70386,c
ENO,7.38597,-984.76743,7.38597,-984.76743,c
ATGDm,0.0586,-1000.0,0.0586,-1000.0,c
P5CR,-0.01818,-1000.0,-0.01818,-1000.0,c
MNXR94165,0.0,-1000.0,0.0,-1000.0,c
MNXR93845,0.0,-1000.0,0.0,-1000.0,c
GLUK_syn,0.0,-1000.0,0.0,-1000.0,c
HEX1,0.0,-1000.0,0.0,-1000.0,c
ALAR,-6.72948,-997.10598,-6.72948,-997.10598,c
CYSDS,0.0,-994.39021,0.0,-994.39021,c
PGCD,-0.12113,-992.27453,-0.12113,-992.27453,c
PSAT,-0.12113,-992.27453,-0.12113,-992.27453,c
IMPD,770.41297,0.0,770.41297,0.0,c
NTD11,770.42943,0.0,770.42943,0.0,c
PGM,1000.0,15.23257,1000.0,15.23257,c
ADOCBIK,999.99969,-0.07536,999.99969,-0.07536,c
GDH,1000.0,-2.86244,1000.0,-2.86244,c
MNXR14578,994.48913,0.09892,994.48913,0.09892,c
MNXR71850,996.92566,4.77225,996.92566,4.77225,c
COALDDH,675.2497,-1000.0,675.2497,-1000.0,c
MNXR17297,1000.0,-682.06497,1000.0,-682.06497,c
G3PD,992.59513,-1000.0,992.59513,-1000.0,m
G3PD1,1000.0,-999.9811,1000.0,-999.9811,m
MNXR93798,1000.0,-1000.0,1000.0,-1000.0,m
ATPS4r,341.61544,335.20581,341.61544,335.20581,m
THD2,327.95974,331.16456,327.95974,331.16456,m
FBA3,-223.39425,5.96628,-223.39425,5.96628,m
FBA,-229.36053,0.0,-229.36053,0.0,m
PFK_adp,-229.36053,0.0,-229.36053,0.0,m
PFK_3,223.39425,-5.96628,223.39425,-5.96628,m
TALA,223.3743,-5.98623,223.3743,-5.98623,m
ALCD19,-7.38597,0.0,-7.38597,0.0,m
GLYALDDr,-7.38597,0.0,-7.38597,0.0,m
EX_arg__L_e,-10.0,-0.38555,-10.0,-0.38555,m
GUDBUTNAH,-9.97537,-0.36092,-9.97537,-0.36092,m
MNXR40622,-9.97537,-0.36092,-9.97537,-0.36092,m
EX_glc__D_e,-10.0,-10.0,-10.0,-10.0,m
GLCpts,-10.0,-10.0,-10.0,-10.0,m
CO2t,-17.85395,-8.2395,-17.85395,-8.2395,m
NH4t,-19.2289,0.0,-19.2289,0.0,m
EX_h2o_e,2.9013,22.1302,2.9013,22.1302,m
GLYK,7.38597,0.0,7.38597,0.0,m
UREA,9.97537,0.36092,9.97537,0.36092,m
ARGORNt7,10.0,0.38555,10.0,0.38555,m
EX_orn_e,10.0,0.38555,10.0,0.38555,m
EX_co2_e,17.85395,8.2395,17.85395,8.2395,m
EX_nh4_e,19.2289,0.0,19.2289,0.0,m
GALh,-0.12176,-0.12176,-0.12176,-0.12176,m
PDHam2hi,-0.10458,-0.10458,-0.10458,-0.10458,m
MCOATA,-0.09831,-0.09831,-0.09831,-0.09831,m
EX_rna_c0,-0.09859,-0.09859,-0.09859,-0.09859,m
EX_DNA_e,-0.09859,-0.09859,-0.09859,-0.09859,m
EX_protein_e,-0.09859,-0.09859,-0.09859,-0.09859,m
APLh,-0.07235,-0.07235,-0.07235,-0.07235,m
RPE,-0.05809,-0.05809,-0.05809,-0.05809,m
ADSL1r,-0.02209,-0.03854,-0.02209,-0.03854,m
SHKK,-0.02805,-0.02805,-0.02805,-0.02805,m
DDPA,-0.02805,-0.02805,-0.02805,-0.02805,m
DHQTi,-0.02805,-0.02805,-0.02805,-0.02805,m
MNXR93698,-0.03224,-0.03224,-0.03224,-0.03224,m
ACAS_2ahbut,-0.03224,-0.03224,-0.03224,-0.03224,m
MNXR79704,-0.03224,-0.03224,-0.03224,-0.03224,m
EX_lys__L_e,-0.03061,-0.03061,-0.03061,-0.03061,m
LYSt2m,-0.03061,-0.03061,-0.03061,-0.03061,m
PRFGS,-0.03073,-0.03073,-0.03073,-0.03073,m
PRAISh,-0.03073,-0.03073,-0.03073,-0.03073,m
PRAIS,-0.03073,-0.03073,-0.03073,-0.03073,m
PPRGL,-0.03073,-0.03073,-0.03073,-0.03073,m
MNXR79878,-0.03073,-0.03073,-0.03073,-0.03073,m
ADSL2r,-0.03073,-0.03073,-0.03073,-0.03073,m
GLUPRT,-0.03073,-0.03073,-0.03073,-0.03073,m
OMCDC,-0.03701,-0.03701,-0.03701,-0.03701,m
IPPS,-0.03701,-0.03701,-0.03701,-0.03701,m
IMDHT,-0.03701,-0.03701,-0.03701,-0.03701,m
IPMD,-0.03701,-0.03701,-0.03701,-0.03701,m
ICH,-0.03854,-0.03854,-0.03854,-0.03854,m
MTHFC,-0.03885,-0.03885,-0.03885,-0.03885,m
TKT2,-0.048,-0.048,-0.048,-0.048,m
HSERTA,-0.04514,-0.04514,-0.04514,-0.04514,m
MNXR79604,-0.04514,-0.04514,-0.04514,-0.04514,m
AGGPR,-0.02463,0.0,-0.02463,0.0,m
ACODA,-0.02463,-0.0,-0.02463,-0.0,m
ACGK,-0.02463,0.0,-0.02463,0.0,m
ACGS,-0.02463,0.0,-0.02463,0.0,m
GART,-0.03073,-0.00275,-0.03073,-0.00275,m
FOMETRi,-0.02798,0.0,-0.02798,0.0,m
GLUFT,-0.02798,0.0,-0.02798,0.0,m
rxn05404_c0,-0.0084,-0.0084,-0.0084,-0.0084,m
rxn05400_c0,-0.0084,-0.0084,-0.0084,-0.0084,m
rxn05396_c0,-0.0084,-0.0084,-0.0084,-0.0084,m
rxn05392_c0,-0.0084,-0.0084,-0.0084,-0.0084,m
rxn05388_c0,-0.0084,-0.0084,-0.0084,-0.0084,m
rxn05384_c0,-0.0084,-0.0084,-0.0084,-0.0084,m
rxn05379_c0,-0.0084,-0.0084,-0.0084,-0.0084,m
rxn05375_c0,-0.0084,-0.0084,-0.0084,-0.0084,m
rxn05371_c0,-0.0084,-0.0084,-0.0084,-0.0084,m
rxn05367_c0,-0.0084,-0.0084,-0.0084,-0.0084,m
rxn05363_c0,-0.0084,-0.0084,-0.0084,-0.0084,m
rxn05359_c0,-0.0084,-0.0084,-0.0084,-0.0084,m
MNXR80058,-0.0084,-0.0084,-0.0084,-0.0084,m
MNXR53358,-0.0084,-0.0084,-0.0084,-0.0084,m
MNXR53357,-0.0084,-0.0084,-0.0084,-0.0084,m
MNXR27680,-0.0084,-0.0084,-0.0084,-0.0084,m
MNXR27676,-0.0084,-0.0084,-0.0084,-0.0084,m
MNXR27672,-0.0084,-0.0084,-0.0084,-0.0084,m
MNXR27667,-0.0084,-0.0084,-0.0084,-0.0084,m
MNXR27663,-0.0084,-0.0084,-0.0084,-0.0084,m
MNXR27659,-0.0084,-0.0084,-0.0084,-0.0084,m
MNXR27655,-0.0084,-0.0084,-0.0084,-0.0084,m
MNXR27651,-0.0084,-0.0084,-0.0084,-0.0084,m
MNXR27647,-0.0084,-0.0084,-0.0084,-0.0084,m
MNXR27642,-0.0084,-0.0084,-0.0084,-0.0084,m
MNXR27638,-0.0084,-0.0084,-0.0084,-0.0084,m
MNXR27634,-0.0084,-0.0084,-0.0084,-0.0084,m
EX_ocdca_e,-0.0084,-0.0084,-0.0084,-0.0084,m
ACACT1,-0.0084,-0.0084,-0.0084,-0.0084,m
ACOAD8m,-0.0084,-0.0084,-0.0084,-0.0084,m
A5PISO,-0.0074,-0.0074,-0.0074,-0.0074,m
KDOCT,-0.0074,-0.0074,-0.0074,-0.0074,m
PRADPh,-0.00781,-0.00781,-0.00781,-0.00781,m
PRACHh,-0.00781,-0.00781,-0.00781,-0.00781,m
HISTP,-0.00781,-0.00781,-0.00781,-0.00781,m
ATPPRT,-0.00781,-0.00781,-0.00781,-0.00781,m
HDH,-0.00781,-0.00781,-0.00781,-0.00781,m
TKT1,-0.01009,-0.01009,-0.01009,-0.01009,m
rxn05345_c0,-0.00986,-0.00986,-0.00986,-0.00986,m
UAGDP,-0.00986,-0.00986,-0.00986,-0.00986,m
S7PI,-0.00986,-0.00986,-0.00986,-0.00986,m
MNXR2786,-0.00986,-0.00986,-0.00986,-0.00986,m
GF6PTA,-0.00986,-0.00986,-0.00986,-0.00986,m
GMHEPAT,-0.00986,-0.00986,-0.00986,-0.00986,m
MNXR14768,-0.01291,-0.01291,-0.01291,-0.01291,m
MNXR4403,-0.0119,-0.0119,-0.0119,-0.0119,m
FGFTh,0.0,-0.02798,0.0,-0.02798,m
GLU5K,0.0,-0.02463,0.0,-0.02463,m
ORNTA,0.0,-0.02463,0.0,-0.02463,m
GPAR,-0.01646,-0.01646,-0.01646,-0.01646,m
FACOAL140,-0.01479,-0.01584,-0.01479,-0.01584,m
MNXR53366,-0.01479,-0.01584,-0.01479,-0.01584,m
EX_ttdca_e,-0.01479,-0.01479,-0.01479,-0.01479,m
PHETA1,-0.01523,-0.01523,-0.01523,-0.01523,m
PPNDH,-0.01523,-0.01523,-0.01523,-0.01523,m
APSR,-0.02133,-0.02133,-0.02133,-0.02133,m
EX_so4_e,-0.02163,-0.02163,-0.02163,-0.02163,m
ASNS1,-0.0198,-0.0198,-0.0198,-0.0198,m
ORPT,-0.02041,-0.02041,-0.02041,-0.02041,m
OMPDC,-0.02041,-0.02041,-0.02041,-0.02041,m
CPS,-0.02041,-0.02041,-0.02041,-0.02041,m
DHORD5,-0.02041,-0.02041,-0.02041,-0.02041,m
MNXR80502,-0.0042,-0.0042,-0.0042,-0.0042,m
MNXR80501,-0.0042,-0.0042,-0.0042,-0.0042,m
MNXR28672,-0.0042,-0.0042,-0.0042,-0.0042,m
MNXR28671,-0.0042,-0.0042,-0.0042,-0.0042,m
MNXR28662,-0.0042,-0.0042,-0.0042,-0.0042,m
MNXR28663,-0.0042,-0.0042,-0.0042,-0.0042,m
EX_trp__L_e,-0.00465,-0.00465,-0.00465,-0.00465,m
UHGADA,-0.00493,-0.00493,-0.00493,-0.00493,m
rxn06723_c0,-0.00493,-0.00493,-0.00493,-0.00493,m
GLUTRR,-0.00488,-0.00488,-0.00488,-0.00488,m
GLUTRS,-0.00488,-0.00488,-0.00488,-0.00488,m
NDPK7,-0.00158,-0.00316,-0.00158,-0.00316,m
RNDR3,-0.00158,-0.00316,-0.00158,-0.00316,m
MNXR28716,-0.00315,-0.00315,-0.00315,-0.00315,m
MNXR28717,-0.00315,-0.00315,-0.00315,-0.00315,m
PPBNGS,-0.00244,-0.00244,-0.00244,-0.00244,m
UAMAS,-0.00247,-0.00247,-0.00247,-0.00247,m
UAGPT3,-0.00247,-0.00247,-0.00247,-0.00247,m
UAGCVT,-0.00247,-0.00247,-0.00247,-0.00247,m
UAAGDS,-0.00247,-0.00247,-0.00247,-0.00247,m
TDPDRE,-0.00247,-0.00247,-0.00247,-0.00247,m
MOAT3C,-0.00247,-0.00247,-0.00247,-0.00247,m
MOAT,-0.00247,-0.00247,-0.00247,-0.00247,m
MNXR94267,-0.00247,-0.00247,-0.00247,-0.00247,m
MNXR94192,-0.00247,-0.00247,-0.00247,-0.00247,m
MNXR55989,-0.00247,-0.00247,-0.00247,-0.00247,m
HEPT4,-0.00247,-0.00247,-0.00247,-0.00247,m
HEPT3,-0.00247,-0.00247,-0.00247,-0.00247,m
HEPT2,-0.00247,-0.00247,-0.00247,-0.00247,m
HEPT1,-0.00247,-0.00247,-0.00247,-0.00247,m
HEPK2,-0.00247,-0.00247,-0.00247,-0.00247,m
HEPK1,-0.00247,-0.00247,-0.00247,-0.00247,m
GLUR,-0.00247,-0.00247,-0.00247,-0.00247,m
GLCTR3,-0.00247,-0.00247,-0.00247,-0.00247,m
GLCTR2,-0.00247,-0.00247,-0.00247,-0.00247,m
GALT1,-0.00247,-0.00247,-0.00247,-0.00247,m
EDTXS1,-0.00247,-0.00247,-0.00247,-0.00247,m
G1PTT,-0.00247,-0.00247,-0.00247,-0.00247,m
TRPt2m,0.00465,0.00465,0.00465,0.00465,m
G1SAT,0.00488,0.00488,0.00488,0.00488,m
UAGAAT,0.00493,0.00493,0.00493,0.00493,m
MNXR28723,0.00315,0.00315,0.00315,0.00315,m
GPDDA4,0.00315,0.00315,0.00315,0.00315,m
MNXR28722,0.00315,0.00315,0.00315,0.00315,m
DHFR,0.0025,0.0025,0.0025,0.0025,m
UGMDDS,0.00247,0.00247,0.00247,0.00247,m
UAPGR,0.00247,0.00247,0.00247,0.00247,m
UAMAGS,0.00247,0.00247,0.00247,0.00247,m
TDSK,0.00247,0.00247,0.00247,0.00247,m
TDPGDH,0.00247,0.00247,0.00247,0.00247,m
TDPDRR,0.00247,0.00247,0.00247,0.00247,m
PAPPT3,0.00247,0.00247,0.00247,0.00247,m
MOAT2,0.00247,0.00247,0.00247,0.00247,m
MNXR67415,0.00247,0.00247,0.00247,0.00247,m
MNXR55674,0.00247,0.00247,0.00247,0.00247,m
MNXR5314,0.00247,0.00247,0.00247,0.00247,m
EDTXS2,0.00247,0.00247,0.00247,0.00247,m
ALAALAr,0.00247,0.00247,0.00247,0.00247,m
DAPDC,0.00247,0.00247,0.00247,0.00247,m
O2t,0.00168,0.00168,0.00168,0.00168,m
TMDS,0.00158,0.00158,0.00158,0.00158,m
DB4PS,0.00122,0.00122,0.00122,0.00122,m
FE2abc,0.00122,0.00122,0.00122,0.00122,m
ADCL,0.00092,0.00092,0.00092,0.00092,m
HPYRDC,0.00092,0.00092,0.00092,0.00092,m
MNXR80557,0.00105,0.00105,0.00105,0.00105,m
MNXR80556,0.00105,0.00105,0.00105,0.00105,m
MNXR28689,0.00105,0.00105,0.00105,0.00105,m
MNXR28690,0.00105,0.00105,0.00105,0.00105,m
DCTPD,0.0,0.00158,0.0,0.00158,m
LPLIPAL2E180,0.0,0.00105,0.0,0.00105,m
PLIPA1E180,0.0,0.00105,0.0,0.00105,m
URFGTT,0.00031,0.00031,0.00031,0.00031,m
UHBZ1t_pp,0.00031,0.00031,0.00031,0.00031,m
SPMDabc,0.00031,0.00031,0.00031,0.00031,m
SHCHF,0.00031,0.00031,0.00031,0.00031,m
RZ5PP,0.00031,0.00031,0.00031,0.00031,m
PYDXS,0.00031,0.00031,0.00031,0.00031,m
OHPHM,0.00031,0.00031,0.00031,0.00031,m
MNXR85363,0.00031,0.00031,0.00031,0.00031,m
MNXR80794,0.00031,0.00031,0.00031,0.00031,m
MNXR6043,0.00031,0.00031,0.00031,0.00031,m
MNXR5475,0.00031,0.00031,0.00031,0.00031,m
MNXR27856,0.00031,0.00031,0.00031,0.00031,m
MN2t3pp,0.00031,0.00031,0.00031,0.00031,m
MG2t,0.00031,0.00031,0.00031,0.00031,m
HEXTT,0.00031,0.00031,0.00031,0.00031,m
FCLT,0.00031,0.00031,0.00031,0.00031,m
COBALT2tex,0.00031,0.00031,0.00031,0.00031,m
CLtex,0.00031,0.00031,0.00031,0.00031,m
CBIAT,0.00031,0.00031,0.00031,0.00031,m
AMPTASECG,0.00031,0.00031,0.00031,0.00031,m
AMMQT8_2,0.00031,0.00031,0.00031,0.00031,m
AFAT,0.00031,0.00031,0.00031,0.00031,m
ACPS1,0.00031,0.00031,0.00031,0.00031,m
ADOCBLS,0.00031,0.00031,0.00031,0.00031,m
LPLIPAL2A180,0.00105,0.0,0.00105,0.0,m
PLIPA1A180pp,0.00105,0.0,0.00105,0.0,m
RBFSb,0.00061,0.00061,0.00061,0.00061,m
NMNTP,0.00061,0.00061,0.00061,0.00061,m
MQN7t,0.00061,0.00061,0.00061,0.00061,m
MOHMT,0.00061,0.00061,0.00061,0.00061,m
MNXR81103,0.00061,0.00061,0.00061,0.00061,m
MNXR79883,0.00061,0.00061,0.00061,0.00061,m
Kt1,0.00061,0.00061,0.00061,0.00061,m
HMBS,0.00061,0.00061,0.00061,0.00061,m
AUS,0.00061,0.00061,0.00061,0.00061,m
DPR,0.00061,0.00061,0.00061,0.00061,m
EX_o2_e,-0.00168,-0.00168,-0.00168,-0.00168,m
MATm,-0.00153,-0.00153,-0.00153,-0.00153,m
URIDK2m,-0.00158,-0.00158,-0.00158,-0.00158,m
RNDR2,-0.00158,-0.00158,-0.00158,-0.00158,m
RNDR1,-0.00158,-0.00158,-0.00158,-0.00158,m
ATDGDm,-0.00158,-0.00158,-0.00158,-0.00158,m
DTMPK,-0.00158,-0.00158,-0.00158,-0.00158,m
MNXR578,-0.00122,-0.00122,-0.00122,-0.00122,m
DLDLBT,-0.00122,-0.00122,-0.00122,-0.00122,m
EX_fe2_e,-0.00122,-0.00122,-0.00122,-0.00122,m
MNXR80555,-0.00105,-0.00105,-0.00105,-0.00105,m
MNXR28683,-0.00105,-0.00105,-0.00105,-0.00105,m
MNXR28684,-0.00105,-0.00105,-0.00105,-0.00105,m
rxn12008_c0,-0.00092,-0.00092,-0.00092,-0.00092,m
SPTc,-0.00092,-0.00092,-0.00092,-0.00092,m
MNXR1587,-0.00092,-0.00092,-0.00092,-0.00092,m
GTPCI,-0.00092,-0.00092,-0.00092,-0.00092,m
DHNPA2r,-0.00092,-0.00092,-0.00092,-0.00092,m
DHFS,-0.00092,-0.00092,-0.00092,-0.00092,m
ADCS,-0.00092,-0.00092,-0.00092,-0.00092,m
AKP1,-0.00092,-0.00092,-0.00092,-0.00092,m
RNDR4,-0.00158,0.0,-0.00158,0.0,m
ADNUC,-0.00122,0.0,-0.00122,0.0,m
ADPT,-0.00122,0.0,-0.00122,0.0,m
PSSA180,-0.00105,0.0,-0.00105,0.0,m
DASYN180,-0.00105,0.0,-0.00105,0.0,m
PSD180,-0.00105,0.0,-0.00105,0.0,m
NDPK6,0.0,-0.00158,0.0,-0.00158,m
MNXR69813,0.0,-0.00105,0.0,-0.00105,m
MNXR69802,0.0,-0.00105,0.0,-0.00105,m
DASYN140,0.0,-0.00105,0.0,-0.00105,m
G3PAT140,0.0,-0.00105,0.0,-0.00105,m
rxn08333_c0,-0.00061,-0.00061,-0.00061,-0.00061,m
UPP3S,-0.00061,-0.00061,-0.00061,-0.00061,m
PPNCL2,-0.00061,-0.00061,-0.00061,-0.00061,m
PPCDC,-0.00061,-0.00061,-0.00061,-0.00061,m
PNTK,-0.00061,-0.00061,-0.00061,-0.00061,m
PANTS,-0.00061,-0.00061,-0.00061,-0.00061,m
GTPCII2,-0.00061,-0.00061,-0.00061,-0.00061,m
FRD3,-0.00061,-0.00061,-0.00061,-0.00061,m
EX_nmn_e,-0.00061,-0.00061,-0.00061,-0.00061,m
EX_mqn7_e,-0.00061,-0.00061,-0.00061,-0.00061,m
DPCOAK,-0.00061,-0.00061,-0.00061,-0.00061,m
DHPPDA2,-0.00061,-0.00061,-0.00061,-0.00061,m
APRAUR,-0.00061,-0.00061,-0.00061,-0.00061,m
ANNAT,-0.00061,-0.00061,-0.00061,-0.00061,m
APPAT,-0.00061,-0.00061,-0.00061,-0.00061,m
rxn03893_c0,-0.00031,-0.00031,-0.00031,-0.00031,m
ZN2t4pp,-0.00031,-0.00031,-0.00031,-0.00031,m
UPPDC1,-0.00031,-0.00031,-0.00031,-0.00031,m
TMPK,-0.00031,-0.00031,-0.00031,-0.00031,m
SHCHD2,-0.00031,-0.00031,-0.00031,-0.00031,m
RBFK,-0.00031,-0.00031,-0.00031,-0.00031,m
PPTTm,-0.00031,-0.00031,-0.00031,-0.00031,m
OPHBDC,-0.00031,-0.00031,-0.00031,-0.00031,m
NNDMBRT,-0.00031,-0.00031,-0.00031,-0.00031,m
NAPRT,-0.00031,-0.00031,-0.00031,-0.00031,m
MNXR60025,-0.00031,-0.00031,-0.00031,-0.00031,m
MNXR31648,-0.00031,-0.00031,-0.00031,-0.00031,m
MNXR15867,-0.00031,-0.00031,-0.00031,-0.00031,m
GGTT,-0.00031,-0.00031,-0.00031,-0.00031,m
FRTT,-0.00031,-0.00031,-0.00031,-0.00031,m
EX_zn2_e,-0.00031,-0.00031,-0.00031,-0.00031,m
EX_thmmp_e,-0.00031,-0.00031,-0.00031,-0.00031,m
EX_spmd_e,-0.00031,-0.00031,-0.00031,-0.00031,m
EX_mn2_e,-0.00031,-0.00031,-0.00031,-0.00031,m
EX_mg2_e,-0.00031,-0.00031,-0.00031,-0.00031,m
EX_k_e,-0.00031,-0.00031,-0.00031,-0.00031,m
EX_cu2_e,-0.00031,-0.00031,-0.00031,-0.00031,m
EX_cobalt2_e,-0.00031,-0.00031,-0.00031,-0.00031,m
EX_cl_e,-0.00031,-0.00031,-0.00031,-0.00031,m
EX_ca2_e,-0.00031,-0.00031,-0.00031,-0.00031,m
EX_4hbz_e,-0.00031,-0.00031,-0.00031,-0.00031,m
CU2abcpp,-0.00031,-0.00031,-0.00031,-0.00031,m
CPPPGO,-0.00031,-0.00031,-0.00031,-0.00031,m
CMPA,-0.00031,-0.00031,-0.00031,-0.00031,m
CA2t3pp,-0.00031,-0.00031,-0.00031,-0.00031,m
BPNT,-0.00031,-0.00031,-0.00031,-0.00031,m
ARGDC,-0.00031,-0.00031,-0.00031,-0.00031,m
AGDI,-0.00031,-0.00031,-0.00031,-0.00031,m
ACBIPGT,-0.00031,-0.00031,-0.00031,-0.00031,m
ADK2,-0.00031,-0.00031,-0.00031,-0.00031,m
MNXR7459,-0.00015,-0.00015,-0.00015,-0.00015,m
PPPGO,-0.00015,-0.00015,-0.00015,-0.00015,m
HSDH,0.04514,0.0,0.04514,0.0,m
ACOTA,0.02463,0.0,0.02463,0.0,m
NFORGLUAH,0.02798,0.0,0.02798,0.0,m
G5DHx,0.0,0.02463,0.0,0.02463,m
ADA,0.0,0.01646,0.0,0.01646,m
ADNK1,0.0,0.01523,0.0,0.01523,m
FAS140ACPm,0.01233,0.01233,0.01233,0.01233,m
MNXR32524,0.0119,0.0119,0.0119,0.0119,m
MNXR3495,0.01413,0.01413,0.01413,0.01413,m
TTDCAt2,0.01479,0.01479,0.01479,0.01479,m
CTPS1,0.00987,0.01145,0.00987,0.01145,m
rxn05342_c0,0.00986,0.00986,0.00986,0.00986,m
AGMHE,0.00986,0.00986,0.00986,0.00986,m
MNXR58824,0.00986,0.00986,0.00986,0.00986,m
OCOAT1,0.0084,0.0084,0.0084,0.0084,m
OCDCAt2,0.0084,0.0084,0.0084,0.0084,m
MNXR80309,0.0084,0.0084,0.0084,0.0084,m
MNXR80308,0.0084,0.0084,0.0084,0.0084,m
MNXR53363,0.0084,0.0084,0.0084,0.0084,m
MNXR53361,0.0084,0.0084,0.0084,0.0084,m
MNXR27681,0.0084,0.0084,0.0084,0.0084,m
MNXR27679,0.0084,0.0084,0.0084,0.0084,m
MNXR27677,0.0084,0.0084,0.0084,0.0084,m
MNXR27675,0.0084,0.0084,0.0084,0.0084,m
MNXR27673,0.0084,0.0084,0.0084,0.0084,m
MNXR27671,0.0084,0.0084,0.0084,0.0084,m
MNXR27669,0.0084,0.0084,0.0084,0.0084,m
MNXR27668,0.0084,0.0084,0.0084,0.0084,m
MNXR27665,0.0084,0.0084,0.0084,0.0084,m
MNXR27664,0.0084,0.0084,0.0084,0.0084,m
MNXR27661,0.0084,0.0084,0.0084,0.0084,m
MNXR27660,0.0084,0.0084,0.0084,0.0084,m
MNXR27656,0.0084,0.0084,0.0084,0.0084,m
MNXR27654,0.0084,0.0084,0.0084,0.0084,m
MNXR27652,0.0084,0.0084,0.0084,0.0084,m
MNXR27650,0.0084,0.0084,0.0084,0.0084,m
MNXR27648,0.0084,0.0084,0.0084,0.0084,m
MNXR27646,0.0084,0.0084,0.0084,0.0084,m
MNXR27644,0.0084,0.0084,0.0084,0.0084,m
MNXR27643,0.0084,0.0084,0.0084,0.0084,m
MNXR27640,0.0084,0.0084,0.0084,0.0084,m
MNXR27639,0.0084,0.0084,0.0084,0.0084,m
MNXR27636,0.0084,0.0084,0.0084,0.0084,m
MNXR27635,0.0084,0.0084,0.0084,0.0084,m
MGC,0.0084,0.0084,0.0084,0.0084,m
HMGL,0.0084,0.0084,0.0084,0.0084,m
MCCC,0.0084,0.0084,0.0084,0.0084,m
KDOPP,0.0074,0.0074,0.0074,0.0074,m
KDOPS,0.0074,0.0074,0.0074,0.0074,m
PRICIh,0.00781,0.00781,0.00781,0.00781,m
IGPDH,0.00781,0.00781,0.00781,0.00781,m
AOOA,0.00781,0.00781,0.00781,0.00781,m
IG3PS,0.00781,0.00781,0.00781,0.00781,m
RPI,0.04917,0.04917,0.04917,0.04917,m
AICART,0.03854,0.03854,0.03854,0.03854,m
IMDHT_3c2hmp,0.03701,0.03701,0.03701,0.03701,m
P5CD,0.01818,0.01818,0.01818,0.01818,m
FRD2,0.02041,0.02041,0.02041,0.02041,m
ASPCT,0.02041,0.02041,0.02041,0.02041,m
DHORTS,0.02041,0.02041,0.02041,0.02041,m
SO4t2,0.02163,0.02163,0.02163,0.02163,m
SULR,0.02133,0.02133,0.02133,0.02133,m
ADSS,0.02209,0.03854,0.02209,0.03854,m
KARI,0.03224,0.03224,0.03224,0.03224,m
KARI_23dhmp,0.03224,0.03224,0.03224,0.03224,m
CHORM,0.02713,0.02713,0.02713,0.02713,m
TDSRh,0.02765,0.02765,0.02765,0.02765,m
SHK3Dr,0.02805,0.02805,0.02805,0.02805,m
PSCIT,0.02805,0.02805,0.02805,0.02805,m
CHORS,0.02805,0.02805,0.02805,0.02805,m
DHQS,0.02805,0.02805,0.02805,0.02805,m
DHAD1,0.07235,0.07235,0.07235,0.07235,m
MTHFD,0.06683,0.06683,0.06683,0.06683,m
Biomass,0.09859,0.09859,0.09859,0.09859,m
PDHbr,0.10458,0.10458,0.10458,0.10458,m
GCC2cm,-0.57152,0.09619,-0.57152,0.09619,m
AKGDHe2r,-0.6677,0.0,-0.6677,0.0,m
MNXR70375,-0.6677,0.0,-0.6677,0.0,m
UDPGD,-0.78872,-0.78872,-0.78872,-0.78872,m
DMATT,-0.39713,-0.39713,-0.39713,-0.39713,m
MNXR55990,-0.39682,-0.39682,-0.39682,-0.39682,m
MNXR117163,0.78872,0.78872,0.78872,0.78872,m
MNXR113144,0.78872,0.78872,0.78872,0.78872,m
MNXR113143,0.78872,0.78872,0.78872,0.78872,m
MNXR113142,0.78872,0.78872,0.78872,0.78872,m
G12289,0.78872,0.78872,0.78872,0.78872,m
G12290,0.78872,0.78872,0.78872,0.78872,m
MNXR79613,0.6677,0.0,0.6677,0.0,m
OF_Biomass_Synthesis,0.49295,0.49295,0.49295,0.49295,m
gumBCEJ,0.39436,0.39436,0.39436,0.39436,m
G12296,0.39436,0.39436,0.39436,0.39436,m
MNXR117165,0.39436,0.39436,0.39436,0.39436,m
DMPPS,0.39713,0.39713,0.39713,0.39713,m
FPPSh,0.39713,0.39713,0.39713,0.39713,m
APATr,2.23619,-0.00061,2.23619,-0.00061,m
PGMT,2.37848,2.37848,2.37848,2.37848,m
MAN1PT2,1.57743,1.57743,1.57743,1.57743,m
MPPM,1.57743,1.57743,1.57743,1.57743,m
IDS1,3.97098,3.97098,3.97098,3.97098,m
MECDPDH2,4.36811,4.36811,4.36811,4.36811,m
NDPK3,4.38399,4.38241,4.38399,4.38241,m
GLYAT,-0.02081,4.4528,-0.02081,4.4528,m
THRS,0.0,4.47361,0.0,4.47361,m
ASAD,0.04514,4.51875,0.04514,4.51875,m
HSDx,0.0,4.51875,0.0,4.51875,m
GHMT,-0.09278,2.14402,-0.09278,2.14402,m
FRD,0.68872,2.92552,0.68872,2.92552,m
FUM,0.72052,2.97378,0.72052,2.97378,m
ACONTa,0.76228,2.99908,0.76228,2.99908,m
ACONTb,0.76228,2.99908,0.76228,2.99908,m
H2Ot,-2.9013,-22.1302,-2.9013,-22.1302,m
GAPD,-0.12113,-7.5071,-0.12113,-7.5071,m
PGK,-0.12113,-7.5071,-0.12113,-7.5071,m
TPI,1.43859,-5.94738,1.43859,-5.94738,m
ASPK,-0.04514,-4.51875,-0.04514,-4.51875,m
HSK,0.0,-4.47361,0.0,-4.47361,m
R01465m,0.02081,-4.4528,0.02081,-4.4528,m
ASPATh,-2.39477,-4.64803,-2.39477,-4.64803,m
CYTK1,-4.38557,-4.38557,-4.38557,-4.38557,m
MCS,-4.36811,-4.36811,-4.36811,-4.36811,m
DXPS,-4.36811,-4.36811,-4.36811,-4.36811,m
DXPRIi,-4.36811,-4.36811,-4.36811,-4.36811,m
CDPMEK,-4.36811,-4.36811,-4.36811,-4.36811,m
CMS,-4.36811,-4.36811,-4.36811,-4.36811,m
SUCLm,-0.6761,-2.91291,-0.6761,-2.91291,m
MDH,-0.72052,-2.97378,-0.72052,-2.97378,m
CS,-0.76228,-2.99908,-0.76228,-2.99908,m
ICDHx,-0.76228,-2.99908,-0.76228,-2.99908,m
AKGDH,0.0,-2.90451,0.0,-2.90451,m
GLYCL,0.00933,-2.22747,0.00933,-2.22747,m
ASP1DC,-2.2368,0.0,-2.2368,0.0,m
MAN6PI,-1.57743,-1.57743,-1.57743,-1.57743,m
UMPK,-1.60277,-1.60277,-1.60277,-1.60277,y
EX_pi_e,-2.44528,-2.44528,-2.44528,-2.44528,y
GALUi,-2.37601,-2.37601,-2.37601,-2.37601,y
NDPK2,-2.4047,-2.40628,-2.4047,-2.40628,y
PGAMT,0.0,656.71372,0.0,656.71372,y
rxn13990_c0,-0.00986,656.70386,-0.00986,656.70386,y
CYS,0.02133,994.41154,0.02133,994.41154,y
PSP,0.12113,992.27453,0.12113,992.27453,y
MNXR94166,0.0,1000.0,0.0,1000.0,y
GALM1,0.0,1000.0,0.0,1000.0,y
MNXR93844,0.0,1000.0,0.0,1000.0,y
DAAD,6.72455,997.10105,6.72455,997.10105,y
VPAMTr,4.53885,997.15216,4.53885,997.15216,y
MMSAD3,3.37299,1000.0,3.37299,1000.0,y
MNXR8994,5.60918,999.99939,5.60918,999.99939,y
MNXR6970,-675.2497,1000.0,-675.2497,1000.0,y
MNXR17296,-1000.0,682.06497,-1000.0,682.06497,y
MNXR93704,-999.96299,1000.0,-999.96299,1000.0,y
BCTA_glu_h,-1000.0,999.96299,-1000.0,999.96299,y
MNXR94164,-1000.0,1000.0,-1000.0,1000.0,y
PRPPS,-770.48991,-0.07571,-770.48991,-0.07571,y
XPPT,-770.41297,0.0,-770.41297,0.0,y
RBK,-770.43065,-0.01646,-770.43065,-0.01646,y
HXAND,-770.42943,-0.01646,-770.42943,-0.01646,y
INSH,-770.42943,-0.01646,-770.42943,-0.01646,y
G6PI,-992.37848,7.62152,-992.37848,7.62152,b
MNXR85460,-1000.0,0.07505,-1000.0,0.07505,b
PROD2,-1000.0,-0.01818,-1000.0,-0.01818,b
MNXR93715,-992.73253,-2.81311,-992.73253,-2.81311,b
NDPK9,-996.92566,-4.77225,-996.92566,-4.77225,
