rxn,Void,rpfCGH,Void_Xanthan,rpfCGH_Xanthan
A5PISO,-0.0074,-0.0074,-0.0074,-0.0074
AACOAR_syn,1000.0,1000.0,1000.0,1000.0
ACACT1,-0.0084,-0.0084,-0.0084,-0.0084
ACAS_2ahbut,-0.03224,-0.03224,-0.03224,-0.03224
ACBIPGT,-0.00031,-0.00031,-0.00031,-0.00031
ACCOAC,1000.0,1000.0,1000.0,1000.0
ACGK,-0.02463,0.0,-0.02463,0.0
ACGS,-0.02463,0.0,-0.02463,0.0
ACOAD8m,-0.0084,-0.0084,-0.0084,-0.0084
ACODA,-0.02463,-0.0,-0.02463,-0.0
ACONTa,0.76228,2.99908,0.76228,2.99908
ACONTb,0.76228,2.99908,0.76228,2.99908
ACOTA,0.02463,0.0,0.02463,0.0
ACPS1,0.00031,0.00031,0.00031,0.00031
ACS,-0.06484,-656.75393,-0.06484,-656.75393
ADA,0.0,0.01646,0.0,0.01646
ADCL,0.00092,0.00092,0.00092,0.00092
ADCS,-0.00092,-0.00092,-0.00092,-0.00092
ADK1,1000.0,656.91542,1000.0,656.91542
ADK2,-0.00031,-0.00031,-0.00031,-0.00031
ADNK1,0.0,0.01523,0.0,0.01523
ADNUC,-0.00122,0.0,-0.00122,0.0
ADOCBIK,999.99969,-0.07536,999.99969,-0.07536
ADOCBLS,0.00031,0.00031,0.00031,0.00031
ADPT,-0.00122,0.0,-0.00122,0.0
ADSL1r,-0.02209,-0.03854,-0.02209,-0.03854
ADSL2r,-0.03073,-0.03073,-0.03073,-0.03073
ADSS,0.02209,0.03854,0.02209,0.03854
AFAT,0.00031,0.00031,0.00031,0.00031
AGDC,0.00986,-656.70386,0.00986,-656.70386
AGDI,-0.00031,-0.00031,-0.00031,-0.00031
AGGPR,-0.02463,0.0,-0.02463,0.0
AGMHE,0.00986,0.00986,0.00986,0.00986
AICART,0.03854,0.03854,0.03854,0.03854
AKGDH,0.0,-2.90451,0.0,-2.90451
AKGDHe2r,-0.6677,0.0,-0.6677,0.0
AKP1,-0.00092,-0.00092,-0.00092,-0.00092
ALAALAr,0.00247,0.00247,0.00247,0.00247
ALAR,-6.72948,-997.10598,-6.72948,-997.10598
ALCD19,-7.38597,0.0,-7.38597,0.0
AMMQT8_2,0.00031,0.00031,0.00031,0.00031
AMPTASECG,0.00031,0.00031,0.00031,0.00031
ANNAT,-0.00061,-0.00061,-0.00061,-0.00061
AOOA,0.00781,0.00781,0.00781,0.00781
APATr,2.23619,-0.00061,2.23619,-0.00061
APLh,-0.07235,-0.07235,-0.07235,-0.07235
APPAT,-0.00061,-0.00061,-0.00061,-0.00061
APRAUR,-0.00061,-0.00061,-0.00061,-0.00061
APSR,-0.02133,-0.02133,-0.02133,-0.02133
ARGDC,-0.00031,-0.00031,-0.00031,-0.00031
ARGORNt7,10.0,0.38555,10.0,0.38555
ASAD,0.04514,4.51875,0.04514,4.51875
ASNS1,-0.0198,-0.0198,-0.0198,-0.0198
ASP1DC,-2.2368,0.0,-2.2368,0.0
ASPATh,-2.39477,-4.64803,-2.39477,-4.64803
ASPCT,0.02041,0.02041,0.02041,0.02041
ASPK,-0.04514,-4.51875,-0.04514,-4.51875
ATDGDm,-0.00158,-0.00158,-0.00158,-0.00158
ATGDm,0.0586,-1000.0,0.0586,-1000.0
ATPPRT,-0.00781,-0.00781,-0.00781,-0.00781
ATPS4r,341.61544,335.20581,341.61544,335.20581
AUS,0.00061,0.00061,0.00061,0.00061
BCTA_glu_h,-1000.0,999.96299,-1000.0,999.96299
BCTA_val_h,-997.30612,-1000.0,-997.30612,-1000.0
BPNT,-0.00031,-0.00031,-0.00031,-0.00031
Biomass,0.09859,0.09859,0.09859,0.09859
CA2t3pp,-0.00031,-0.00031,-0.00031,-0.00031
CBIAT,0.00031,0.00031,0.00031,0.00031
CDPMEK,-4.36811,-4.36811,-4.36811,-4.36811
CHOLD,1000.0,1000.0,1000.0,1000.0
CHORM,0.02713,0.02713,0.02713,0.02713
CHORS,0.02805,0.02805,0.02805,0.02805
CLtex,0.00031,0.00031,0.00031,0.00031
CMPA,-0.00031,-0.00031,-0.00031,-0.00031
CMS,-4.36811,-4.36811,-4.36811,-4.36811
CO2t,-17.85395,-8.2395,-17.85395,-8.2395
COALDDH,675.2497,-1000.0,675.2497,-1000.0
COBALT2tex,0.00031,0.00031,0.00031,0.00031
CPPPGO,-0.00031,-0.00031,-0.00031,-0.00031
CPS,-0.02041,-0.02041,-0.02041,-0.02041
CS,-0.76228,-2.99908,-0.76228,-2.99908
CTPS1,0.00987,0.01145,0.00987,0.01145
CU2abcpp,-0.00031,-0.00031,-0.00031,-0.00031
CYS,0.02133,994.41154,0.02133,994.41154
CYSDS,0.0,-994.39021,0.0,-994.39021
CYTK1,-4.38557,-4.38557,-4.38557,-4.38557
DAAD,6.72455,997.10105,6.72455,997.10105
DAPDC,0.00247,0.00247,0.00247,0.00247
DASYN140,0.0,-0.00105,0.0,-0.00105
DASYN180,-0.00105,0.0,-0.00105,0.0
DB4PS,0.00122,0.00122,0.00122,0.00122
DCTPD,0.0,0.00158,0.0,0.00158
DDPA,-0.02805,-0.02805,-0.02805,-0.02805
DHAD1,0.07235,0.07235,0.07235,0.07235
DHFR,0.0025,0.0025,0.0025,0.0025
DHFS,-0.00092,-0.00092,-0.00092,-0.00092
DHNPA2r,-0.00092,-0.00092,-0.00092,-0.00092
DHORD5,-0.02041,-0.02041,-0.02041,-0.02041
DHORTS,0.02041,0.02041,0.02041,0.02041
DHPPDA2,-0.00061,-0.00061,-0.00061,-0.00061
DHQS,0.02805,0.02805,0.02805,0.02805
DHQTi,-0.02805,-0.02805,-0.02805,-0.02805
DLDLBT,-0.00122,-0.00122,-0.00122,-0.00122
DMATT,-0.39713,-0.39713,-0.39713,-0.39713
DMORh,-999.92765,-999.92765,-999.92765,-999.92765
DMPPS,0.39713,0.39713,0.39713,0.39713
DPCOAK,-0.00061,-0.00061,-0.00061,-0.00061
DPR,0.00061,0.00061,0.00061,0.00061
DTMPK,-0.00158,-0.00158,-0.00158,-0.00158
DXPRIi,-4.36811,-4.36811,-4.36811,-4.36811
DXPS,-4.36811,-4.36811,-4.36811,-4.36811
EDTXS1,-0.00247,-0.00247,-0.00247,-0.00247
EDTXS2,0.00247,0.00247,0.00247,0.00247
ENO,7.38597,-984.76743,7.38597,-984.76743
EX_4hbz_e,-0.00031,-0.00031,-0.00031,-0.00031
EX_DNA_e,-0.09859,-0.09859,-0.09859,-0.09859
EX_arg__L_e,-10.0,-0.38555,-10.0,-0.38555
EX_ca2_e,-0.00031,-0.00031,-0.00031,-0.00031
EX_cl_e,-0.00031,-0.00031,-0.00031,-0.00031
EX_co2_e,17.85395,8.2395,17.85395,8.2395
EX_cobalt2_e,-0.00031,-0.00031,-0.00031,-0.00031
EX_cu2_e,-0.00031,-0.00031,-0.00031,-0.00031
EX_fe2_e,-0.00122,-0.00122,-0.00122,-0.00122
EX_glc__D_e,-10.0,-10.0,-10.0,-10.0
EX_h2o_e,2.9013,22.1302,2.9013,22.1302
EX_h_e,1000.0,1000.0,1000.0,1000.0
EX_k_e,-0.00031,-0.00031,-0.00031,-0.00031
EX_lys__L_e,-0.03061,-0.03061,-0.03061,-0.03061
EX_mg2_e,-0.00031,-0.00031,-0.00031,-0.00031
EX_mn2_e,-0.00031,-0.00031,-0.00031,-0.00031
EX_mqn7_e,-0.00061,-0.00061,-0.00061,-0.00061
EX_nh4_e,19.2289,0.0,19.2289,0.0
EX_nmn_e,-0.00061,-0.00061,-0.00061,-0.00061
EX_o2_e,-0.00168,-0.00168,-0.00168,-0.00168
EX_ocdca_e,-0.0084,-0.0084,-0.0084,-0.0084
EX_orn_e,10.0,0.38555,10.0,0.38555
EX_pi_e,-2.44528,-2.44528,-2.44528,-2.44528
EX_protein_e,-0.09859,-0.09859,-0.09859,-0.09859
EX_rna_c0,-0.09859,-0.09859,-0.09859,-0.09859
EX_so4_e,-0.02163,-0.02163,-0.02163,-0.02163
EX_spmd_e,-0.00031,-0.00031,-0.00031,-0.00031
EX_thmmp_e,-0.00031,-0.00031,-0.00031,-0.00031
EX_trp__L_e,-0.00465,-0.00465,-0.00465,-0.00465
EX_ttdca_e,-0.01479,-0.01479,-0.01479,-0.01479
EX_zn2_e,-0.00031,-0.00031,-0.00031,-0.00031
FACOAL140,-0.01479,-0.01584,-0.01479,-0.01584
FAS140ACPm,0.01233,0.01233,0.01233,0.01233
FBA,-229.36053,0.0,-229.36053,0.0
FBA3,-223.39425,5.96628,-223.39425,5.96628
FCLT,0.00031,0.00031,0.00031,0.00031
FE2abc,0.00122,0.00122,0.00122,0.00122
FGFTh,0.0,-0.02798,0.0,-0.02798
FOMETRi,-0.02798,0.0,-0.02798,0.0
FPPSh,0.39713,0.39713,0.39713,0.39713
FRD,0.68872,2.92552,0.68872,2.92552
FRD2,0.02041,0.02041,0.02041,0.02041
FRD3,-0.00061,-0.00061,-0.00061,-0.00061
FRTT,-0.00031,-0.00031,-0.00031,-0.00031
FUM,0.72052,2.97378,0.72052,2.97378
G12289,0.78872,0.78872,0.78872,0.78872
G12290,0.78872,0.78872,0.78872,0.78872
G12296,0.39436,0.39436,0.39436,0.39436
G1PACT,0.0,-656.71372,0.0,-656.71372
G1PTT,-0.00247,-0.00247,-0.00247,-0.00247
G1SAT,0.00488,0.00488,0.00488,0.00488
G3PAT140,0.0,-0.00105,0.0,-0.00105
G3PD,992.59513,-1000.0,992.59513,-1000.0
G3PD1,1000.0,-999.9811,1000.0,-999.9811
G5DHx,0.0,0.02463,0.0,0.02463
G6PI,-992.37848,7.62152,-992.37848,7.62152
G6PI3,-992.37848,-992.37848,-992.37848,-992.37848
GALM1,0.0,1000.0,0.0,1000.0
GALT1,-0.00247,-0.00247,-0.00247,-0.00247
GALUi,-2.37601,-2.37601,-2.37601,-2.37601
GALh,-0.12176,-0.12176,-0.12176,-0.12176
GAPD,-0.12113,-7.5071,-0.12113,-7.5071
GART,-0.03073,-0.00275,-0.03073,-0.00275
GCC2cm,-0.57152,0.09619,-0.57152,0.09619
GDH,1000.0,-2.86244,1000.0,-2.86244
GF6PTA,-0.00986,-0.00986,-0.00986,-0.00986
GGTT,-0.00031,-0.00031,-0.00031,-0.00031
GHMT,-0.09278,2.14402,-0.09278,2.14402
GK1,-999.98166,-999.98166,-999.98166,-999.98166
GK2,999.99842,999.99842,999.99842,999.99842
GLCTR2,-0.00247,-0.00247,-0.00247,-0.00247
GLCTR3,-0.00247,-0.00247,-0.00247,-0.00247
GLCpts,-10.0,-10.0,-10.0,-10.0
GLU5K,0.0,-0.02463,0.0,-0.02463
GLUFT,-0.02798,0.0,-0.02798,0.0
GLUK_syn,0.0,-1000.0,0.0,-1000.0
GLUPRT,-0.03073,-0.03073,-0.03073,-0.03073
GLUR,-0.00247,-0.00247,-0.00247,-0.00247
GLUTRR,-0.00488,-0.00488,-0.00488,-0.00488
GLUTRS,-0.00488,-0.00488,-0.00488,-0.00488
GLYALDDr,-7.38597,0.0,-7.38597,0.0
GLYAT,-0.02081,4.4528,-0.02081,4.4528
GLYCK,-1000.0,-1000.0,-1000.0,-1000.0
GLYCK2,-992.61403,-1000.0,-992.61403,-1000.0
GLYCL,0.00933,-2.22747,0.00933,-2.22747
GLYK,7.38597,0.0,7.38597,0.0
GMHEPAT,-0.00986,-0.00986,-0.00986,-0.00986
GNNUC,-1000.0,-1000.0,-1000.0,-1000.0
GPAR,-0.01646,-0.01646,-0.01646,-0.01646
GPDDA4,0.00315,0.00315,0.00315,0.00315
GTPCI,-0.00092,-0.00092,-0.00092,-0.00092
GTPCII2,-0.00061,-0.00061,-0.00061,-0.00061
GUAD,-999.98354,-999.98354,-999.98354,-999.98354
GUDBUTNAH,-9.97537,-0.36092,-9.97537,-0.36092
H2Ot,-2.9013,-22.1302,-2.9013,-22.1302
HACD1,1000.0,1000.0,1000.0,1000.0
HCO3E,-999.97767,-999.97767,-999.97767,-999.97767
HDH,-0.00781,-0.00781,-0.00781,-0.00781
HEPK1,-0.00247,-0.00247,-0.00247,-0.00247
HEPK2,-0.00247,-0.00247,-0.00247,-0.00247
HEPT1,-0.00247,-0.00247,-0.00247,-0.00247
HEPT2,-0.00247,-0.00247,-0.00247,-0.00247
HEPT3,-0.00247,-0.00247,-0.00247,-0.00247
HEPT4,-0.00247,-0.00247,-0.00247,-0.00247
HEX1,0.0,-1000.0,0.0,-1000.0
HEXTT,0.00031,0.00031,0.00031,0.00031
HISTP,-0.00781,-0.00781,-0.00781,-0.00781
HMBS,0.00061,0.00061,0.00061,0.00061
HMGL,0.0084,0.0084,0.0084,0.0084
HPYRDC,0.00092,0.00092,0.00092,0.00092
HSDH,0.04514,0.0,0.04514,0.0
HSDx,0.0,4.51875,0.0,4.51875
HSERTA,-0.04514,-0.04514,-0.04514,-0.04514
HSK,0.0,-4.47361,0.0,-4.47361
HXAND,-770.42943,-0.01646,-770.42943,-0.01646
Ht,-1000.0,-1000.0,-1000.0,-1000.0
ICDHx,-0.76228,-2.99908,-0.76228,-2.99908
ICH,-0.03854,-0.03854,-0.03854,-0.03854
IDPh,781.43109,667.70704,781.43109,667.70704
IDS1,3.97098,3.97098,3.97098,3.97098
IG3PS,0.00781,0.00781,0.00781,0.00781
IGPDH,0.00781,0.00781,0.00781,0.00781
IMDHT,-0.03701,-0.03701,-0.03701,-0.03701
IMDHT_3c2hmp,0.03701,0.03701,0.03701,0.03701
IMPD,770.41297,0.0,770.41297,0.0
INSH,-770.42943,-0.01646,-770.42943,-0.01646
IPMD,-0.03701,-0.03701,-0.03701,-0.03701
IPPS,-0.03701,-0.03701,-0.03701,-0.03701
KARI,0.03224,0.03224,0.03224,0.03224
KARI_23dhmb,-1000.0,-1000.0,-1000.0,-1000.0
KARI_23dhmp,0.03224,0.03224,0.03224,0.03224
KARI_3hmoa,1000.0,1000.0,1000.0,1000.0
KDOCT,-0.0074,-0.0074,-0.0074,-0.0074
KDOPP,0.0074,0.0074,0.0074,0.0074
KDOPS,0.0074,0.0074,0.0074,0.0074
Kt1,0.00061,0.00061,0.00061,0.00061
LPLIPAL1A140pp,-1000.0,-1000.0,-1000.0,-1000.0
LPLIPAL2A140,1000.0,1000.0,1000.0,1000.0
LPLIPAL2A180,0.00105,0.0,0.00105,0.0
LPLIPAL2E160,1000.0,1000.0,1000.0,1000.0
LPLIPAL2E180,0.0,0.00105,0.0,0.00105
LYSt2m,-0.03061,-0.03061,-0.03061,-0.03061
MAN1PT2,1.57743,1.57743,1.57743,1.57743
MAN6PI,-1.57743,-1.57743,-1.57743,-1.57743
MATm,-0.00153,-0.00153,-0.00153,-0.00153
MCCC,0.0084,0.0084,0.0084,0.0084
MCOATA,-0.09831,-0.09831,-0.09831,-0.09831
MCS,-4.36811,-4.36811,-4.36811,-4.36811
MDH,-0.72052,-2.97378,-0.72052,-2.97378
MECDPDH2,4.36811,4.36811,4.36811,4.36811
MG2t,0.00031,0.00031,0.00031,0.00031
MGC,0.0084,0.0084,0.0084,0.0084
MMSAD3,3.37299,1000.0,3.37299,1000.0
MN2t3pp,0.00031,0.00031,0.00031,0.00031
MNXR113142,0.78872,0.78872,0.78872,0.78872
MNXR113143,0.78872,0.78872,0.78872,0.78872
MNXR113144,0.78872,0.78872,0.78872,0.78872
MNXR117163,0.78872,0.78872,0.78872,0.78872
MNXR117165,0.39436,0.39436,0.39436,0.39436
MNXR14578,994.48913,0.09892,994.48913,0.09892
MNXR14768,-0.01291,-0.01291,-0.01291,-0.01291
MNXR15262,1000.0,1000.0,1000.0,1000.0
MNXR15642,-1000.0,-1000.0,-1000.0,-1000.0
MNXR15867,-0.00031,-0.00031,-0.00031,-0.00031
MNXR1587,-0.00092,-0.00092,-0.00092,-0.00092
MNXR160,-1000.0,-1000.0,-1000.0,-1000.0
MNXR17296,-1000.0,682.06497,-1000.0,682.06497
MNXR17297,1000.0,-682.06497,1000.0,-682.06497
MNXR18214,-1000.0,-1000.0,-1000.0,-1000.0
MNXR2062,1000.0,1000.0,1000.0,1000.0
MNXR27634,-0.0084,-0.0084,-0.0084,-0.0084
MNXR27635,0.0084,0.0084,0.0084,0.0084
MNXR27636,0.0084,0.0084,0.0084,0.0084
MNXR27638,-0.0084,-0.0084,-0.0084,-0.0084
MNXR27639,0.0084,0.0084,0.0084,0.0084
MNXR27640,0.0084,0.0084,0.0084,0.0084
MNXR27642,-0.0084,-0.0084,-0.0084,-0.0084
MNXR27643,0.0084,0.0084,0.0084,0.0084
MNXR27644,0.0084,0.0084,0.0084,0.0084
MNXR27646,0.0084,0.0084,0.0084,0.0084
MNXR27647,-0.0084,-0.0084,-0.0084,-0.0084
MNXR27648,0.0084,0.0084,0.0084,0.0084
MNXR27650,0.0084,0.0084,0.0084,0.0084
MNXR27651,-0.0084,-0.0084,-0.0084,-0.0084
MNXR27652,0.0084,0.0084,0.0084,0.0084
MNXR27654,0.0084,0.0084,0.0084,0.0084
MNXR27655,-0.0084,-0.0084,-0.0084,-0.0084
MNXR27656,0.0084,0.0084,0.0084,0.0084
MNXR27659,-0.0084,-0.0084,-0.0084,-0.0084
MNXR27660,0.0084,0.0084,0.0084,0.0084
MNXR27661,0.0084,0.0084,0.0084,0.0084
MNXR27663,-0.0084,-0.0084,-0.0084,-0.0084
MNXR27664,0.0084,0.0084,0.0084,0.0084
MNXR27665,0.0084,0.0084,0.0084,0.0084
MNXR27667,-0.0084,-0.0084,-0.0084,-0.0084
MNXR27668,0.0084,0.0084,0.0084,0.0084
MNXR27669,0.0084,0.0084,0.0084,0.0084
MNXR27671,0.0084,0.0084,0.0084,0.0084
MNXR27672,-0.0084,-0.0084,-0.0084,-0.0084
MNXR27673,0.0084,0.0084,0.0084,0.0084
MNXR27675,0.0084,0.0084,0.0084,0.0084
MNXR27676,-0.0084,-0.0084,-0.0084,-0.0084
MNXR27677,0.0084,0.0084,0.0084,0.0084
MNXR27679,0.0084,0.0084,0.0084,0.0084
MNXR27680,-0.0084,-0.0084,-0.0084,-0.0084
MNXR27681,0.0084,0.0084,0.0084,0.0084
MNXR27856,0.00031,0.00031,0.00031,0.00031
MNXR2786,-0.00986,-0.00986,-0.00986,-0.00986
MNXR28662,-0.0042,-0.0042,-0.0042,-0.0042
MNXR28663,-0.0042,-0.0042,-0.0042,-0.0042
MNXR28671,-0.0042,-0.0042,-0.0042,-0.0042
MNXR28672,-0.0042,-0.0042,-0.0042,-0.0042
MNXR28683,-0.00105,-0.00105,-0.00105,-0.00105
MNXR28684,-0.00105,-0.00105,-0.00105,-0.00105
MNXR28689,0.00105,0.00105,0.00105,0.00105
MNXR28690,0.00105,0.00105,0.00105,0.00105
MNXR28716,-0.00315,-0.00315,-0.00315,-0.00315
MNXR28717,-0.00315,-0.00315,-0.00315,-0.00315
MNXR28722,0.00315,0.00315,0.00315,0.00315
MNXR28723,0.00315,0.00315,0.00315,0.00315
MNXR31648,-0.00031,-0.00031,-0.00031,-0.00031
MNXR32524,0.0119,0.0119,0.0119,0.0119
MNXR3277,1000.0,999.99895,1000.0,999.99895
MNXR3279,-1000.0,-1000.0,-1000.0,-1000.0
MNXR3312,-1000.0,-1000.0,-1000.0,-1000.0
MNXR3495,0.01413,0.01413,0.01413,0.01413
MNXR40622,-9.97537,-0.36092,-9.97537,-0.36092
MNXR4313,-1000.0,-1000.0,-1000.0,-1000.0
MNXR4335,1000.0,999.99895,1000.0,999.99895
MNXR4403,-0.0119,-0.0119,-0.0119,-0.0119
MNXR5314,0.00247,0.00247,0.00247,0.00247
MNXR53357,-0.0084,-0.0084,-0.0084,-0.0084
MNXR53358,-0.0084,-0.0084,-0.0084,-0.0084
MNXR53361,0.0084,0.0084,0.0084,0.0084
MNXR53363,0.0084,0.0084,0.0084,0.0084
MNXR53366,-0.01479,-0.01584,-0.01479,-0.01584
MNXR5475,0.00031,0.00031,0.00031,0.00031
MNXR55674,0.00247,0.00247,0.00247,0.00247
MNXR55989,-0.00247,-0.00247,-0.00247,-0.00247
MNXR55990,-0.39682,-0.39682,-0.39682,-0.39682
MNXR578,-0.00122,-0.00122,-0.00122,-0.00122
MNXR58824,0.00986,0.00986,0.00986,0.00986
MNXR60025,-0.00031,-0.00031,-0.00031,-0.00031
MNXR6043,0.00031,0.00031,0.00031,0.00031
MNXR6494,-1000.0,-1000.0,-1000.0,-1000.0
MNXR67415,0.00247,0.00247,0.00247,0.00247
MNXR69337,1000.0,1000.0,1000.0,1000.0
MNXR69346,-1000.0,-1000.0,-1000.0,-1000.0
MNXR69352,-1000.0,-1000.0,-1000.0,-1000.0
MNXR6970,-675.2497,1000.0,-675.2497,1000.0
MNXR69727,1000.0,1000.0,1000.0,1000.0
MNXR69749,-1000.0,-1000.0,-1000.0,-1000.0
MNXR69763,-1000.0,-1000.0,-1000.0,-1000.0
MNXR69802,0.0,-0.00105,0.0,-0.00105
MNXR69813,0.0,-0.00105,0.0,-0.00105
MNXR70375,-0.6677,0.0,-0.6677,0.0
MNXR71850,996.92566,4.77225,996.92566,4.77225
MNXR7459,-0.00015,-0.00015,-0.00015,-0.00015
MNXR7594,1000.0,1000.0,1000.0,1000.0
MNXR79548,-999.97616,-999.97616,-999.97616,-999.97616
MNXR79604,-0.04514,-0.04514,-0.04514,-0.04514
MNXR79613,0.6677,0.0,0.6677,0.0
MNXR79704,-0.03224,-0.03224,-0.03224,-0.03224
MNXR79878,-0.03073,-0.03073,-0.03073,-0.03073
MNXR79883,0.00061,0.00061,0.00061,0.00061
MNXR80058,-0.0084,-0.0084,-0.0084,-0.0084
MNXR80308,0.0084,0.0084,0.0084,0.0084
MNXR80309,0.0084,0.0084,0.0084,0.0084
MNXR80380,1000.0,1000.0,1000.0,1000.0
MNXR80383,1000.0,1000.0,1000.0,1000.0
MNXR80385,-1000.0,-1000.0,-1000.0,-1000.0
MNXR80400,1000.0,1000.0,1000.0,1000.0
MNXR80403,-1000.0,-1000.0,-1000.0,-1000.0
MNXR80406,-1000.0,-1000.0,-1000.0,-1000.0
MNXR80501,-0.0042,-0.0042,-0.0042,-0.0042
MNXR80502,-0.0042,-0.0042,-0.0042,-0.0042
MNXR80555,-0.00105,-0.00105,-0.00105,-0.00105
MNXR80556,0.00105,0.00105,0.00105,0.00105
MNXR80557,0.00105,0.00105,0.00105,0.00105
MNXR80794,0.00031,0.00031,0.00031,0.00031
MNXR81103,0.00061,0.00061,0.00061,0.00061
MNXR84631,1000.0,1000.0,1000.0,1000.0
MNXR85267,1000.0,1000.0,1000.0,1000.0
MNXR85268,-1000.0,-1000.0,-1000.0,-1000.0
MNXR85270,-1000.0,-1000.0,-1000.0,-1000.0
MNXR85287,-1000.0,-1000.0,-1000.0,-1000.0
MNXR85310,-1000.0,-1000.0,-1000.0,-1000.0
MNXR85363,0.00031,0.00031,0.00031,0.00031
MNXR85460,-1000.0,0.07505,-1000.0,0.07505
MNXR8605,-1000.0,-1000.0,-1000.0,-1000.0
MNXR87148,0.00986,-656.70386,0.00986,-656.70386
MNXR8994,5.60918,999.99939,5.60918,999.99939
MNXR93624,-1000.0,-1000.0,-1000.0,-1000.0
MNXR93698,-0.03224,-0.03224,-0.03224,-0.03224
MNXR93704,-999.96299,1000.0,-999.96299,1000.0
MNXR93715,-992.73253,-2.81311,-992.73253,-2.81311
MNXR93746,-1000.0,-1000.0,-1000.0,-1000.0
MNXR93748,1000.0,1000.0,1000.0,1000.0
MNXR93798,1000.0,-1000.0,1000.0,-1000.0
MNXR93844,0.0,1000.0,0.0,1000.0
MNXR93845,0.0,-1000.0,0.0,-1000.0
MNXR93945,1000.0,1000.0,1000.0,1000.0
MNXR93946,-1000.0,-1000.0,-1000.0,-1000.0
MNXR94164,-1000.0,1000.0,-1000.0,1000.0
MNXR94165,0.0,-1000.0,0.0,-1000.0
MNXR94166,0.0,1000.0,0.0,1000.0
MNXR94192,-0.00247,-0.00247,-0.00247,-0.00247
MNXR94194,1000.0,1000.0,1000.0,1000.0
MNXR94196,1000.0,1000.0,1000.0,1000.0
MNXR94197,1000.0,1000.0,1000.0,1000.0
MNXR94198,1000.0,1000.0,1000.0,1000.0
MNXR94200,1000.0,1000.0,1000.0,1000.0
MNXR94201,1000.0,1000.0,1000.0,1000.0
MNXR94202,999.99685,999.99685,999.99685,999.99685
MNXR94217,-1000.0,-1000.0,-1000.0,-1000.0
MNXR94219,-1000.0,-1000.0,-1000.0,-1000.0
MNXR94220,-1000.0,-1000.0,-1000.0,-1000.0
MNXR94221,-1000.0,-1000.0,-1000.0,-1000.0
MNXR94222,-1000.0,-1000.0,-1000.0,-1000.0
MNXR94224,-1000.0,-1000.0,-1000.0,-1000.0
MNXR94225,-1000.0,-1000.0,-1000.0,-1000.0
MNXR94226,-1000.0,-1000.0,-1000.0,-1000.0
MNXR94227,1000.0,1000.0,1000.0,1000.0
MNXR94245,1000.0,1000.0,1000.0,1000.0
MNXR94247,1000.0,1000.0,1000.0,1000.0
MNXR94248,1000.0,1000.0,1000.0,1000.0
MNXR94249,1000.0,1000.0,1000.0,1000.0
MNXR94250,-1000.0,-1000.0,-1000.0,-1000.0
MNXR94252,-1000.0,-1000.0,-1000.0,-1000.0
MNXR94253,1000.0,1000.0,1000.0,1000.0
MNXR94254,1000.0,1000.0,1000.0,1000.0
MNXR94255,-1000.0,-1000.0,-1000.0,-1000.0
MNXR94256,-1000.0,-1000.0,-1000.0,-1000.0
MNXR94258,-1000.0,-1000.0,-1000.0,-1000.0
MNXR94259,-1000.0,-1000.0,-1000.0,-1000.0
MNXR94260,-1000.0,-1000.0,-1000.0,-1000.0
MNXR94261,1000.0,1000.0,1000.0,1000.0
MNXR94263,1000.0,1000.0,1000.0,1000.0
MNXR94264,-1000.0,-1000.0,-1000.0,-1000.0
MNXR94265,-999.99685,-999.99685,-999.99685,-999.99685
MNXR94267,-0.00247,-0.00247,-0.00247,-0.00247
MNXR94325,999.99969,999.99969,999.99969,999.99969
MOAT,-0.00247,-0.00247,-0.00247,-0.00247
MOAT2,0.00247,0.00247,0.00247,0.00247
MOAT3C,-0.00247,-0.00247,-0.00247,-0.00247
MOHMT,0.00061,0.00061,0.00061,0.00061
MPPM,1.57743,1.57743,1.57743,1.57743
MQN7t,0.00061,0.00061,0.00061,0.00061
MTHFC,-0.03885,-0.03885,-0.03885,-0.03885
MTHFD,0.06683,0.06683,0.06683,0.06683
MTHFO,-999.98557,-999.98557,-999.98557,-999.98557
MTHFO_nadp,1000.0,1000.0,1000.0,1000.0
MTI,-1000.0,-1000.0,-1000.0,-1000.0
NADK,-1000.0,-1000.0,-1000.0,-1000.0
NADTRHD,-1000.0,-1000.0,-1000.0,-1000.0
NAPRT,-0.00031,-0.00031,-0.00031,-0.00031
NDPK2,-2.4047,-2.40628,-2.4047,-2.40628
NDPK3,4.38399,4.38241,4.38399,4.38241
NDPK4,-999.99565,-999.99565,-999.99565,-999.99565
NDPK6,0.0,-0.00158,0.0,-0.00158
NDPK7,-0.00158,-0.00316,-0.00158,-0.00316
NDPK8,-1000.0,-1000.0,-1000.0,-1000.0
NDPK9,-996.92566,-4.77225,-996.92566,-4.77225
NFORGLUAH,0.02798,0.0,0.02798,0.0
NH4t,-19.2289,0.0,-19.2289,0.0
NMNTP,0.00061,0.00061,0.00061,0.00061
NNDMBRT,-0.00031,-0.00031,-0.00031,-0.00031
NTD11,770.42943,0.0,770.42943,0.0
O2t,0.00168,0.00168,0.00168,0.00168
OCDCAt2,0.0084,0.0084,0.0084,0.0084
OCOAT1,0.0084,0.0084,0.0084,0.0084
OF_Biomass_Synthesis,0.49295,0.49295,0.49295,0.49295
OHPHM,0.00031,0.00031,0.00031,0.00031
OMCDC,-0.03701,-0.03701,-0.03701,-0.03701
OMPDC,-0.02041,-0.02041,-0.02041,-0.02041
OPHBDC,-0.00031,-0.00031,-0.00031,-0.00031
ORNTA,0.0,-0.02463,0.0,-0.02463
ORPT,-0.02041,-0.02041,-0.02041,-0.02041
P5CD,0.01818,0.01818,0.01818,0.01818
P5CR,-0.01818,-1000.0,-0.01818,-1000.0
P5CRx,-1000.0,-1000.0,-1000.0,-1000.0
PANTS,-0.00061,-0.00061,-0.00061,-0.00061
PAPPT3,0.00247,0.00247,0.00247,0.00247
PDHam2hi,-0.10458,-0.10458,-0.10458,-0.10458
PDHbr,0.10458,0.10458,0.10458,0.10458
PFK_3,223.39425,-5.96628,223.39425,-5.96628
PFK_adp,-229.36053,0.0,-229.36053,0.0
PGAMT,0.0,656.71372,0.0,656.71372
PGCD,-0.12113,-992.27453,-0.12113,-992.27453
PGI,1000.0,1000.0,1000.0,1000.0
PGK,-0.12113,-7.5071,-0.12113,-7.5071
PGM,1000.0,15.23257,1000.0,15.23257
PGMT,2.37848,2.37848,2.37848,2.37848
PHETA1,-0.01523,-0.01523,-0.01523,-0.01523
PIabc,-1000.0,-1000.0,-1000.0,-1000.0
PIt2r,-997.55472,-997.55472,-997.55472,-997.55472
PLIPA1A140pp,-1000.0,-1000.0,-1000.0,-1000.0
PLIPA1A180pp,0.00105,0.0,0.00105,0.0
PLIPA1E160,1000.0,1000.0,1000.0,1000.0
PLIPA1E180,0.0,0.00105,0.0,0.00105
PLIPA2A140pp,-1000.0,-999.99895,-1000.0,-999.99895
PNTK,-0.00061,-0.00061,-0.00061,-0.00061
PPBNGS,-0.00244,-0.00244,-0.00244,-0.00244
PPCDC,-0.00061,-0.00061,-0.00061,-0.00061
PPNCL2,-0.00061,-0.00061,-0.00061,-0.00061
PPNDH,-0.01523,-0.01523,-0.01523,-0.01523
PPPGO,-0.00015,-0.00015,-0.00015,-0.00015
PPRGL,-0.03073,-0.03073,-0.03073,-0.03073
PPTTm,-0.00031,-0.00031,-0.00031,-0.00031
PRACHh,-0.00781,-0.00781,-0.00781,-0.00781
PRADPh,-0.00781,-0.00781,-0.00781,-0.00781
PRAIS,-0.03073,-0.03073,-0.03073,-0.03073
PRAISh,-0.03073,-0.03073,-0.03073,-0.03073
PRFGS,-0.03073,-0.03073,-0.03073,-0.03073
PRICIh,0.00781,0.00781,0.00781,0.00781
PROD2,-1000.0,-0.01818,-1000.0,-0.01818
PRPPS,-770.48991,-0.07571,-770.48991,-0.07571
PSAT,-0.12113,-992.27453,-0.12113,-992.27453
PSCIT,0.02805,0.02805,0.02805,0.02805
PSD180,-0.00105,0.0,-0.00105,0.0
PSP,0.12113,992.27453,0.12113,992.27453
PSSA180,-0.00105,0.0,-0.00105,0.0
PYDXS,0.00031,0.00031,0.00031,0.00031
PYK,-1000.0,-1000.0,-1000.0,-1000.0
R01465m,0.02081,-4.4528,0.02081,-4.4528
RBFK,-0.00031,-0.00031,-0.00031,-0.00031
RBFSb,0.00061,0.00061,0.00061,0.00061
RBK,-770.43065,-0.01646,-770.43065,-0.01646
RNDR1,-0.00158,-0.00158,-0.00158,-0.00158
RNDR2,-0.00158,-0.00158,-0.00158,-0.00158
RNDR3,-0.00158,-0.00316,-0.00158,-0.00316
RNDR4,-0.00158,0.0,-0.00158,0.0
RPE,-0.05809,-0.05809,-0.05809,-0.05809
RPI,0.04917,0.04917,0.04917,0.04917
RZ5PP,0.00031,0.00031,0.00031,0.00031
S7PI,-0.00986,-0.00986,-0.00986,-0.00986
SADT,-1000.0,-1000.0,-1000.0,-1000.0
SADT2,999.97867,999.97867,999.97867,999.97867
SHCHD2,-0.00031,-0.00031,-0.00031,-0.00031
SHCHF,0.00031,0.00031,0.00031,0.00031
SHK3Dr,0.02805,0.02805,0.02805,0.02805
SHKK,-0.02805,-0.02805,-0.02805,-0.02805
SO4t2,0.02163,0.02163,0.02163,0.02163
SPMDabc,0.00031,0.00031,0.00031,0.00031
SPTc,-0.00092,-0.00092,-0.00092,-0.00092
SUCLm,-0.6761,-2.91291,-0.6761,-2.91291
SULR,0.02133,0.02133,0.02133,0.02133
TALA,223.3743,-5.98623,223.3743,-5.98623
TDPDRE,-0.00247,-0.00247,-0.00247,-0.00247
TDPDRR,0.00247,0.00247,0.00247,0.00247
TDPGDH,0.00247,0.00247,0.00247,0.00247
TDSK,0.00247,0.00247,0.00247,0.00247
TDSRh,0.02765,0.02765,0.02765,0.02765
THD2,327.95974,331.16456,327.95974,331.16456
THRS,0.0,4.47361,0.0,4.47361
TKT1,-0.01009,-0.01009,-0.01009,-0.01009
TKT2,-0.048,-0.048,-0.048,-0.048
TMDS,0.00158,0.00158,0.00158,0.00158
TMPK,-0.00031,-0.00031,-0.00031,-0.00031
TPI,1.43859,-5.94738,1.43859,-5.94738
TRPt2m,0.00465,0.00465,0.00465,0.00465
TTDCAt2,0.01479,0.01479,0.01479,0.01479
UAAGDS,-0.00247,-0.00247,-0.00247,-0.00247
UAGAAT,0.00493,0.00493,0.00493,0.00493
UAGCVT,-0.00247,-0.00247,-0.00247,-0.00247
UAGDP,-0.00986,-0.00986,-0.00986,-0.00986
UAGPT3,-0.00247,-0.00247,-0.00247,-0.00247
UAMAGS,0.00247,0.00247,0.00247,0.00247
UAMAS,-0.00247,-0.00247,-0.00247,-0.00247
UAPGR,0.00247,0.00247,0.00247,0.00247
UDPGD,-0.78872,-0.78872,-0.78872,-0.78872
UGMDDS,0.00247,0.00247,0.00247,0.00247
UHBZ1t_pp,0.00031,0.00031,0.00031,0.00031
UHGADA,-0.00493,-0.00493,-0.00493,-0.00493
UMPK,-1.60277,-1.60277,-1.60277,-1.60277
UPP3S,-0.00061,-0.00061,-0.00061,-0.00061
UPPDC1,-0.00031,-0.00031,-0.00031,-0.00031
UREA,9.97537,0.36092,9.97537,0.36092
URFGTT,0.00031,0.00031,0.00031,0.00031
URIDK2m,-0.00158,-0.00158,-0.00158,-0.00158
VPAMTr,4.53885,997.15216,4.53885,997.15216
XPPT,-770.41297,0.0,-770.41297,0.0
XTSNH,1000.0,1000.0,1000.0,1000.0
ZN2t4pp,-0.00031,-0.00031,-0.00031,-0.00031
gumBCEJ,0.39436,0.39436,0.39436,0.39436
rxn03893_c0,-0.00031,-0.00031,-0.00031,-0.00031
rxn05342_c0,0.00986,0.00986,0.00986,0.00986
rxn05345_c0,-0.00986,-0.00986,-0.00986,-0.00986
rxn05359_c0,-0.0084,-0.0084,-0.0084,-0.0084
rxn05363_c0,-0.0084,-0.0084,-0.0084,-0.0084
rxn05367_c0,-0.0084,-0.0084,-0.0084,-0.0084
rxn05371_c0,-0.0084,-0.0084,-0.0084,-0.0084
rxn05375_c0,-0.0084,-0.0084,-0.0084,-0.0084
rxn05379_c0,-0.0084,-0.0084,-0.0084,-0.0084
rxn05384_c0,-0.0084,-0.0084,-0.0084,-0.0084
rxn05388_c0,-0.0084,-0.0084,-0.0084,-0.0084
rxn05392_c0,-0.0084,-0.0084,-0.0084,-0.0084
rxn05396_c0,-0.0084,-0.0084,-0.0084,-0.0084
rxn05400_c0,-0.0084,-0.0084,-0.0084,-0.0084
rxn05404_c0,-0.0084,-0.0084,-0.0084,-0.0084
rxn06723_c0,-0.00493,-0.00493,-0.00493,-0.00493
rxn08333_c0,-0.00061,-0.00061,-0.00061,-0.00061
rxn12008_c0,-0.00092,-0.00092,-0.00092,-0.00092
rxn13990_c0,-0.00986,656.70386,-0.00986,656.70386
